{"stats":{"minecraft:used":{"minecraft:diamond_block":2,"minecraft:repeater":194,"minecraft:iron_block":321,"minecraft:pink_wool":1,"minecraft:black_concrete":2,"minecraft:sticky_piston":15,"minecraft:black_carpet":1,"minecraft:yellow_stained_glass":1,"minecraft:glass":72,"minecraft:light_gray_wool":169,"minecraft:lime_wool":764,"minecraft:light_blue_stained_glass":9,"minecraft:torch":5,"minecraft:blue_wool":170,"minecraft:red_wool":921,"minecraft:lever":79,"minecraft:light_blue_wool":446,"minecraft:redstone_block":11,"minecraft:oak_button":30,"minecraft:pale_oak_sign":23,"minecraft:redstone":2323,"minecraft:light_gray_carpet":6,"minecraft:black_wool":102,"minecraft:white_stained_glass":98,"minecraft:copper_block":6,"minecraft:white_wool":429,"minecraft:cherry_sign":5,"minecraft:comparator":11,"minecraft:redstone_lamp":124,"minecraft:redstone_torch":316,"minecraft:purple_stained_glass":25,"minecraft:target":19,"minecraft:oak_planks":32,"minecraft:light_gray_stained_glass":8,"minecraft:orange_wool":53,"minecraft:purple_wool":52,"minecraft:gold_block":19,"minecraft:yellow_wool":379,"minecraft:sandstone":247},"minecraft:picked_up":{"minecraft:pale_oak_sign":2,"minecraft:redstone_torch":79,"minecraft:lever":40,"minecraft:sandstone":1,"minecraft:redstone":598,"minecraft:torch":1,"minecraft:repeater":30,"minecraft:oak_button":9},"minecraft:custom":{"minecraft:talked_to_villager":1,"minecraft:time_since_rest":437033,"minecraft:walk_one_cm":451214,"minecraft:leave_game":10,"minecraft:play_time":437033,"minecraft:jump":1854,"minecraft:time_since_death":437033,"minecraft:drop":2,"minecraft:sprint_one_cm":128094,"minecraft:total_world_time":541743,"minecraft:fly_one_cm":5248480,"minecraft:crouch_one_cm":19070,"minecraft:sneak_time":37864},"minecraft:dropped":{"minecraft:redstone_torch":1,"minecraft:sandstone":1}},"DataVersion":4438}